Questions,Responses (base),Response (Gpt 4o),Response (GPT 4),
What malware is associated with the 'Industroyer' attack?,The 'Industroyer' malware is associated with the 'Industroyer' attack.,The 'Industroyer' malware is associated with the 'Industroyer' attack.,Industroyer,
Which group is known for using 'TRITON' malware?,The group 'TEMP.Veles' is known for using 'TRITON' malware.,The group 'TEMP.Veles' is known for using 'TRITON' malware.,Russian government hackers,
What is the purpose of the 'Havex' malware?,"The 'Havex' malware is used for espionage, specifically targeting industrial control systems.","The 'Havex' malware is used for espionage, specifically targeting industrial control systems.",To gather information from industrial control systems,
What is the relationship between 'BlackEnergy' malware and the 'Sandworm Team' group?,'BlackEnergy' malware is used by the 'Sandworm Team' group.,'BlackEnergy' malware is used by the 'Sandworm Team' group.,Sandworm Team uses BlackEnergy to target energy sectors,
What is the goal of 'T0804: block Reporting Message' in ICS environments?,1. Goal A: To hide the adversary's actions from the operator by blocking reporting messages containing telemetry data from reaching their intended target. 2. Goal B: To cause system impact by disrupting data acquisition and process control through the blocking of important reporting messages.,The goal of 'T0804: Block Reporting Message' is to send false data to ICS operators.,To disrupt the communication within industrial control systems,
Which malware is designed to target Schneider Electric Triconex Safety Instrumented Systems (SIS)?,The 'TRITON' malware is designed to target Schneider Electric Triconex SIS.,The 'TRITON' malware is designed to target Schneider Electric Triconex SIS.,TRITON,
What is 'T0812: Module Firmware' used for in ICS attacks?,"Adversaries may leverage manufacturer or supplier set default credentials on control system devices. These default credentials may have administrative permissions and may be necessary for initial configuration of the device. It is general best practice to change the passwords for these accounts as soon as possible, but some manufacturers may have devices that have passwords or usernames that cannot be changed. Default credentials are normally documented in an instruction manual that is either packaged with the device, published online through official means, or published online through unofficial means. Adversaries may leverage default credentials that have not been properly modified or disabled.",'T0812: Module Firmware' is used to modify or replace firmware in ICS devices.,To manipulate firmware of devices to disrupt processes,
Which group is associated with the 'Industroyer' attack?,The group associated with the 'Industroyer' attack is 'Sandworm Team'.,The group associated with the 'Industroyer' attack is 'Sandworm Team'.,Sandworm Team,
What does 'T0806: Brute Force I/O' entail in ICS environments?,T0806: Brute Force I/O' involves sending rapid input/output commands to cause disruptions.,'T0806: Brute Force I/O' involves sending rapid input/output commands to cause disruptions.,Attempting to overload the system inputs and outputs,
What role does 'T0835: Manipulate I/O Image' play in ICS attacks?,T0835: Manipulate I/O Image' involves altering input/output images to disrupt ICS processes.,T0835: Manipulate I/O Image' involves altering input/output images to disrupt ICS processes.,Manipulates the display of operational data to hide actual readings,
What is the function of 'T0886: Remote Services' in ICS attacks?,"Adversaries may leverage remote services to move between assets and network segments. These services are often used to allow operators to interact with systems remotely within the network, some examples are RDP, SMB, SSH, and other similar mechanisms.  Remote services could be used to support remote access, data transmission, authentication, name resolution, and other remote functions. Further, remote services may be necessary to allow operators and administrators to configure systems within the network from their engineering or management workstations. An adversary may use this technique to access devices which may be dual-homed [1] to multiple network segments, and can be used for Program Download or to execute attacks on control devices directly through Valid Accounts.",T0886: Remote Services' allows attackers to access ICS devices remotely.,Allows attackers remote access to systems,
Which group is known for targeting critical infrastructure with 'BlackEnergy'?,The 'Sandworm Team' is known for targeting critical infrastructure with 'BlackEnergy'.,The 'Sandworm Team' is known for targeting critical infrastructure with 'BlackEnergy'.,Sandworm Team,
What does the 'Collection' tactic involve in ICS environments?,"The adversary is trying to gather data of interest and domain knowledge on your ICS environment to inform their goal. Collection consists of techniques adversaries use to gather domain knowledge and obtain contextual feedback in an ICS environment. This tactic is often performed as part of Discovery, to compile data on control systems and targets of interest that may be used to follow through on the adversary’s objective. Examples of these techniques include observing operation states, capturing screenshots, identifying unique device roles, and gathering system and diagram schematics. Collection of this data can play a key role in planning, executing, and even revising an ICS-targeted attack. Methods of collection depend on the categories of data being targeted, which can include protocol specific, device specific, and process specific configurations and functionality. Information collected may pertain to a combination of system, supervisory, device, and network related data, which conceptually fall under high, medium, and low levels of plan operations. For example, information repositories on plant data at a high level or device specific programs at a low level. Sensitive floor plans, vendor device manuals, and other references may also be at risk and exposed on the internet or otherwise publicly accessible.",The 'Collection' tactic involves gathering information from ICS systems for future attacks.,Gathering sensitive data from compromised systems,
"What intrusion set uses the ""Alarm Suppression"" attack pattern?","The Maroochy Water Breach intrusion set is known to use the ""Alarm Suppression"" attack pattern.","The intrusion set ""Triton"" uses the ""Alarm Suppression"" attack pattern.",NotPetya used this pattern,
"Which malware is known to target industrial control systems with ""Data Destruction"" techniques?","The malware ""INCONTROLLER"", ""Industroyer"" and ""killdisk"" are known to target industrial control systems using ""Data Destruction"" techniques.","The malware ""Industroyer"" is known to target industrial control systems using ""Data Destruction"" techniques.","Stuxnet, Industroyer",
"What is the primary purpose of the ""Inhibit Response Function"" technique in ICS?","The adversary is trying to prevent your safety, protection, quality assurance, and operator intervention functions from responding to a failure, hazard, or unsafe state.","The primary purpose of the ""Inhibit Response Function"" technique is to prevent systems from taking corrective actions in response to faults or attacks.",To prevent systems from responding correctly to ensure uninterrupted attack,
What is the purpose of 'T0885: Commonly Used Port' in ICS attacks?,"Adversaries may communicate over a commonly used port to bypass firewalls or network detection systems and to blend in with normal network activity, to avoid more detailed inspection. They may use the protocol associated with the port, or a completely different protocol. ",Attackers use commonly open ports to blend malicious traffic with legitimate network traffic to avoid detection.,To exploit common network ports for easy access,
Which group is known for using the 'NotPetya' ransomware?,Sandworm Team,Sandworm Team,Sandworm Team,
"What is the alias for the threat group ""CyberAv3ngers""? ","The alias for ""CyberAv3ngers"" is ""Soldiers of Soloman.""","The alias for ""CyberAv3ngers"" is ""Soldiers of Soloman.""",No specific alias is commonly known,
Which threat group operates the REvil Ransomware-as-a-Service?,"The threat group that operates the REvil Ransomware-as-a-Service is ""GOLD SOUTHFIELD"" and ""FIN7"".","The threat group that operates the REvil Ransomware-as-a-Service is ""GOLD SOUTHFIELD.""","Sodinokibi (REvil is the ransomware, Sodinokibi is the group)",
"When was the ""CyberAv3ngers"" group first known to be active?",2020,"The ""CyberAv3ngers"" group has been known to be active since at least 2020.",Not well-documented; the group isn't widely recognized in major reports,
"What specific sectors were targeted by the ""HEXANE"" group?","The ""HEXANE"" group targeted the oil & gas, telecommunications, aviation, and internet service provider sectors.","The ""HEXANE"" group targeted the oil & gas, telecommunications, aviation, and internet service provider sectors.",Energy and telecommunications,
"What is the MITRE ATT&CK ID for the ""Lazarus Group""?"," The MITRE ATT&CK ID for the ""Lazarus Group"" is G0032.",G0032,APT38,
"Which malware was used by the ""Dragonfly"" group against energy companies?"," The malware used by the ""Dragonfly"" group is ""Backdoor.Oldrea"" (also known as ""Havex"").",Havex,Backdoor.Oldrea,
"Which group is associated with the alias ""Pinchy Spider""?","The group associated with the alias ""Pinchy Spider"" is ""GOLD SOUTHFIELD.""",FIN7,Cybercriminal group known for GandCrab ransomware,
"What kind of interface was defaced by the ""CyberAv3ngers"" group in their 2023 attack?","The ""CyberAv3ngers"" group defaced the Human-Machine Interface (HMI) in their 2023 attack.",Human-Machine Interface (HMI),Public-facing web interfaces,
What malware is described as the first to specifically target industrial control systems devices?,"The malware described as the first to specifically target industrial control systems devices is ""Stuxnet.""",Stuxnet,Stuxnet,
"What threat group is associated with the aliases ""Labyrinth Chollima"" and ""ZINC""? ","The threat group associated with the aliases ""Labyrinth Chollima"" and ""ZINC"" is ""Lazarus Group.""",Lazarus Group,Lazarus Group,
"In which sectors did the ""EKANS"" ransomware cause significant operational disruptions?"," The ""EKANS"" ransomware caused significant operational disruptions in the energy, healthcare, and automotive manufacturing sectors.","Manufacturing, Energy, and Industrial Control","Manufacturing, energy",
 Which group's activities are primarily linked to the Russian origin?,"The group primarily linked to Russian origin is ""Wizard Spider.""",APT28 (Fancy Bear),Fancy Bear,
"What is the alternative name for the malware ""SNAKEHOSE""?","The alternative name for ""SNAKEHOSE"" is ""EKANS.""",EKANS,Snake,
Which threat group targeted Unitronics Programmable Logic Controllers (PLC) in 2023?,"The threat group that targeted Unitronics Programmable Logic Controllers (PLC) in 2023 is ""CyberAv3ngers.""",APT41,Not specified,
"What alias is associated with the ""APT33"" group?","The alias associated with the ""APT33"" group is ""Peach Sandstorm.""",Elfin,"Elfin, Refined Kitten",
"Which threat group is known for the creation and deployment of ""TrickBot""?","The threat group known for the creation and deployment of ""TrickBot"" is ""Wizard Spider.""",Wizard Spider,Wizard Spider,
"What year was the ""Backdoor.Oldrea"" first used by ""Dragonfly""? ","The ""Backdoor.Oldrea"" was first used by ""Dragonfly"" in 2013.",2011,2010,
" What alias is used by the ""HEXANE"" group, which also refers to the name ""Lyceum""?","The alias used by the ""HEXANE"" group, which also refers to the name ""Lyceum,"" is ""Siamesekitten.""",OilRig,Lyceum,
Which malware is known to have been discovered in 2010 with components used as early as 2008?,"The malware known to have been discovered in 2010 with components used as early as 2008 is ""Stuxnet.""",Stuxnet,Stuxnet,
"Which group is reported to have connections to the IRGC-linked ""Soldiers of Solomon""?","The group reported to have connections to the IRGC-linked ""Soldiers of Solomon"" is ""CyberAv3ngers.""",APT39,Not well-documented; speculative connections,
What is Bad Rabbit?,Bad Rabbit is a self-propagating ransomware that affected the Ukrainian transportation sector in 2017.,A ransomware variant,A ransomware strain that targets Windows systems,
What platform does Bad Rabbit target?,Windows,Windows,Windows,
Which malware affected the Ukrainian transportation sector in 2017?,Bad Rabbit,NotPetya,NotPetya,
Which sector was targeted by Bad Rabbit in 2017?,The Ukrainian transportation sector,Media and transportation,"Financial, government, and media sectors",
Which malware shares aliases with Win32/Diskcoder.D?,Bad Rabbit,Bad Rabbit,"NotPetya, Petya",
What is the ID for Bad Rabbit in the MITRE ATT&CK framework?,S0606,S0600,T1486,
What does Stuxnet specifically target?,Industrial control systems devices,Siemens PLCs,PLCs used in nuclear facilities,
What is Stuxnet known for?,Stuxnet was the first publicly reported piece of malware to specifically target industrial control systems devices.,Targeting Iran’s nuclear facilities,Specifically targeting and disrupting Iranian nuclear facilities,
Which platform does Stuxnet target?,Windows,Windows,Siemens SCADA systems,
Which group used NotPetya in a worldwide attack?,Sandworm Team,Sandworm Team,Sandworm Team,
What was the primary purpose of NotPetya?,To destroy data and disk structures on compromised systems.,Disruption and destruction,To disrupt global business operations under the guise of ransomware,
What exploits does NotPetya use to spread?,SMBv1 exploits EternalBlue and EternalRomance,EternalBlue and Mimikatz,"EternalBlue, EternalRomance",
What platform does NotPetya target?,Windows,Windows,Windows,
Which malware targets Microsoft Windows and was first detected in November 2008?,Conficker,Conficker,Conficker,
What is the alias for Conficker?,"Downadup, Kido","Downup, Downadup, Kido","Downup, Downadup",
Which malware ran on Siemens S7 PLCs?,PLC-Blaster,Stuxnet,Stuxnet,
What is the description of BlackEnergy?,BlackEnergy is a malware toolkit that has been used by both criminal and APT actors.,"A malware toolkit for DDoS attacks, information theft, and more",A malware toolkit primarily targeting energy sectors,
Which countries were primarily affected by BlackEnergy?,Georgia and Ukraine,Ukraine and Georgia,"Ukraine, primarily during the conflict with Russia",
What malware toolkit evolved to include a variant of KillDisk?,BlackEnergy 3,BlackEnergy,BlackEnergy,
Which malware targets engineering workstations?,Industroyer2,Industroyer,Industroyer,
Which malware was designed to cause impact to high-voltage electrical substations?,Industroyer2 was designed to cause impact to high-voltage electrical substations.,Industroyer2,Industroyer,
What is the ID for Industroyer2?,S1072,S0606,Not specifically known as 'Industroyer2' may be referred to generally as Industroyer.,
Which protocol can Industroyer2 communicate over?,IEC-104,"IEC 104, IEC 61850","IEC 104, IEC 101, IEC 61850, OLE for Process Control (OPC)",
What platform does KillDisk target?,Windows and Linux,Windows and Linux,Windows,
Which malware was first seen in December 2019 and impacted operations at Honda automotive production facilities?,EKANS,EKANS,Snake / EKANS,
Which processes does EKANS target?,"ICS software platforms (e.g., GE Proficy historian, Honeywell HMIWeb)",Industrial Control System (ICS) processes,"Industrial control systems, particularly locking out user access",
Which malware was linked to GOLD SOUTHFIELD?,REvil,Emotet,SILENTTRINITY,
What is the name of the attack framework built to interact with Triconex SIS controllers?,Triton,Triton,TRITON,
Which platform does Triton target?,Windows,Industrial control systems (ICS),Triconex Safety Instrumented System (SIS) controllers,
Which group was INCONTROLLER developed by?,CHERNOVITE,Unknown,"Unclear, possibly state-sponsored actors",
What does INCONTROLLER have the ability to do?,"Discover specific devices, download logic on the devices, and exploit platform-specific vulnerabilities.",Disrupt industrial processes,"Manipulate industrial control system operations, possibly disrupt or override commands",
What platform does INCONTROLLER target?,"Field Controller/RTU/PLC/IED, Safety Instrumented System/Protection Relay, Engineering Workstation, Windows",Industrial control systems (ICS),Industrial Control Systems,
Which malware overwrites files with random data to render the OS unbootable?,KillDisk,KillDisk,KillDisk,
What is the alias for KillDisk?,"Win32/KillDisk.NBI, Win32/KillDisk.NBH, Win32/KillDisk.NBD, Win32/KillDisk.NBC, Win32/KillDisk.NBB",Win32/KillDisk.AK,None specifically known for KillDisk itself,
Which malware framework was used in the attacks on the Ukrainian power grid in December 2016?,Industroyer,Industroyer,Industroyer,
What is the alias for Industroyer?,"CRASHOVERRIDE, Win32/Industroyer",CrashOverride,Crash Override,
Which malware is a sophisticated toolkit that has been used to collect information since at least 2010?,Flame,Flame,Flame,
What are the aliases for Flame?,"Flamer, sKyWIper","Flamer, Skywiper","Skywiper, Flamer, sKyWIper",
Which malware was designed to target enterprise environments and has been used in attacks since at least 2018?,Ryuk,Ryuk,Ryuk,
What is the alias for Ryuk?,Hermes ransomware,Hermes,Hermes,
Which malware targets AutoCAD files with drawings?,ACAD/Medre.A,ACAD/Medre.A,ACAD/Medre,
Which malware operates as ransomware-as-a-service (RaaS)?,REvil,REvil,REvil,
Which platform does REvil target?,Windows,Windows,Windows,
Which malware is custom and includes multiple modules tailored towards ICS devices?,INCONTROLLER,INCONTROLLER,INCONTROLLER,
What are the aliases for INCONTROLLER?,PIPEDREAM,"PIPEDREAM, TAG-2222",Pipedream,
What protocol is used by INCONTROLLER?,"OPC UA, Modbus, and CODESYS","OPC UA, Modbus TCP, DNP3","Modbus, OPC, DNP3, and others",
What does the malware VPNFilter collect?,"Traffic that passes through an infected device, including website credentials and Modbus SCADA protocols.","Credentials, sensitive information","Network credentials, monitor modbus SCADA protocols, etc.",
What platform does VPNFilter target?,ICS devices,Routers and network-attached storage (NAS) devices,Network devices like routers and storage devices,
Which country was primarily targeted by Flame?,Middle Eastern countries,Iran,Iran,
What is the name of the campaign conducted by CyberAv3ngers in 2023?,Unitronics Defacement Campaign,Unitronics Defacement Campaign,Information not specifically known,
Which threat actor was involved in the Unitronics Defacement Campaign?,CyberAv3ngers,CyberAv3ngers,Information not specifically known,
What type of devices were targeted in the Unitronics Defacement Campaign?,Unitronics Vision Series Programmable Logic Controller (PLC) with Human-Machine Interface (HMI),Programmable Logic Controllers (PLCs),Industrial control systems,
Which sectors were primarily affected by the Unitronics Defacement Campaign?,"Water and wastewater, energy, food and beverage manufacturing, and healthcare sectors",Industrial and manufacturing,Energy and industrial sectors,
What was the notable feature of the Unitronics Defacement Campaign?,Defacement of the PLCs' HMIs,Defacement of HMI interfaces,Defacement of industrial control interfaces,
When was the first instance of the Unitronics Defacement Campaign observed?,"November 1, 2023",2023,Information not specifically known,
What is the external ID for the Unitronics Defacement Campaign according to MITRE?,C0031,T1078,Not available,
Which publication provided information about IRGC-affiliated hackers in December 2023?,CISA AA23-335A IRGC-Affiliated December 2023,"(Answer not provided, specific source needed)",Information not specifically known,
What was the first major public attack conducted by the Sandworm Team against Ukraine?,2016 Ukraine Electric Power Attack,2015 Ukraine Power Grid Attack,2015 Ukraine power grid attacks,
What malware was used in the 2016 Ukraine Electric Power Attack?,Industroyer malware,Industroyer,BlackEnergy3,
Which group conducted the 2016 Ukraine Electric Power Attack?,Sandworm Team,Sandworm Team,Sandworm Team,
When did the 2016 Ukraine Electric Power Attack occur?,"December 1, 2016",2016-12-01 00:00:00,2016-12-01 00:00:00,
What is the MITRE external ID for the 2016 Ukraine Electric Power Attack?,C0025,T0810,Not specified in MITRE,
Which document detailed the Win32/Industroyer threat for industrial control systems?,ESET Industroyer,"(Answer not provided, specific document needed)",ESET's analysis on Industroyer/Crash Override,
What campaign did the Sandworm Team launch against Ukraine in 2022?,2022 Ukraine Electric Power Attack,Ukraine Electric Power Attack,Information not specifically known,
What techniques were used by the Sandworm Team in the 2022 Ukraine Electric Power Attack?,"GOGETTER, Neo-REGEORG, CaddyWiper, and living off the land (LotL) techniques","Spear phishing, malware deployment",Information not specifically known,
Which publication provides details about the 2022 Ukraine Electric Power Attack?,Dragos-Sandworm-Ukraine-2022,"(Answer not provided, specific source needed)",Information not specifically known,
What is the MITRE external ID for the 2022 Ukraine Electric Power Attack?,C0034,T0891,Not available,
What mitigation involves restricting code execution to a virtual environment on an endpoint?,Application Isolation and Sandboxing,Application Isolation and Sandboxing,Application isolation and sandboxing,
What is the MITRE external ID for Application Isolation and Sandboxing?,M0948,M1048,Not available,
Which guideline is associated with the mitigation strategy of Application Isolation and Sandboxing?,IEC 62443-3-3:2013 - SR 5.4,NIST SP 800-125,Information not specifically known,
What is the purpose of filtering network traffic according to MITRE?,To use network appliances to filter ingress or egress traffic and perform protocol-based filtering,To detect and prevent malicious activity,To control which network traffic is allowed to traverse networks,
What is the MITRE external ID for the 'Filter Network Traffic' course of action?,M0937,M1037,Not available,
What document provides guidelines on firewall deployment for SCADA and process control networks?,Centre for the Protection of National Infrastructure February 2005,NIST SP 800-82 Guide to Industrial Control Systems (ICS) Security,NIST Special Publication 800-82 Guide to Industrial Control Systems Security,
What is the focus of the 'Restrict Web-Based Content' course of action?,"Restricting the use of certain websites, blocking downloads/attachments, blocking Javascript, and restricting browser extensions",Limiting access to potentially harmful web content,To prevent access to malicious or unauthorized web content,
What is the MITRE external ID for 'Restrict Web-Based Content'?,M0921,M1021,Not available,
Which guideline is associated with validating program inputs?,IEC 62443-3-3:2013 - SR 3.5,NIST SP 800-53,Information not specifically known,
What is the purpose of validating program inputs?,To ensure the format and content of all user inputs and actions are within intended operational ranges,To prevent injection attacks and ensure data integrity,To ensure that only properly formatted data is entered into the system,
What publication provides details about secure PLC coding practices?,PLCTop20 Mar 2023,IEC 61131-3 Programmable Controllers,"Guidelines from various sources like ISA/IEC standards, NIST publications",
What is the purpose of network segmentation in ICS environments?,"To isolate critical systems, functions, or resources to prevent access to sensitive systems and information",To isolate critical systems and limit the spread of attacks,To reduce the attack surface and limit the spread of breaches,
What is the MITRE external ID for 'Network Segmentation'?,M0930,M1030,Not available,
Which guideline is associated with the course of action for Network Segmentation?,IEC 62443-3-3:2013 - SR 5.1,NIST SP 800-82 ICS Security Guidelines,NIST SP 800-82 Guide to Industrial Control Systems Security,
What mitigation involves restricting the ability to modify certain hives or keys in the Windows Registry?,Restrict Registry Permissions,Restrict Registry Permissions,Restrict Registry Permissions,
What is the MITRE external ID for 'Restrict Registry Permissions'?,M0924,M1042,T1480,
Which guideline is associated with Restrict Registry Permissions?,IEC 62443-3-3:2013 - SR 2.1,NIST SP 800-53,Guidelines from CIS (Center for Internet Security),
What is Data Loss Prevention (DLP) used for in ICS environments?,"To help identify adversarial attempts to exfiltrate operational information such as engineering plans, trade secrets, recipes, or process telemetry",To prevent unauthorized data exfiltration,To prevent data leaks and unauthorized data transmission,
What is the MITRE external ID for 'Data Loss Prevention'?,M0803,M1027,Not specifically listed under MITRE IDs,
What is the role of Access Management technologies in ICS environments?,"To enforce authorization policies and decisions, especially when field devices do not provide sufficient capabilities to support user identification and authentication",To control user access to systems and resources,To control and restrict access to resources,
What is the MITRE external ID for 'Access Management'?,M0801,M1016,T1546,
Which document provides guidelines on configuring and managing remote access for industrial control systems?,Centre for the Protection of National Infrastructure November 2010,NIST SP 800-82,NIST guidelines for Industrial Control Systems Security,
What mitigation strategy focuses on detecting and blocking conditions that may lead to software exploits?,Exploit Protection,Exploit Protection,Exploit Protection,
What is the MITRE external ID for 'Exploit Protection'?,M0950,M1041,T1068,
Which guideline is associated with Exploit Protection?,IEC 62443-3-3:2013 - SR 3.2,NIST SP 800-53,OWASP (Open Web Application Security Project),
What mitigation strategy involves preventing access to file shares and remote access to systems?,Limit Access to Resource Over Network,Limit Access to Resource Over Network,Limit Access to Resource Over Network,
What is the MITRE external ID for 'Limit Access to Resource Over Network'?,M0935,M1035,T1534,
Which guideline is associated with 'Limit Access to Resource Over Network'?,IEC 62443-3-3:2013 - SR 5.1,NIST SP 800-53,CIS Controls,
What is the purpose of 'Static Network Configuration' in ICS environments?,To configure hosts and devices to use static network configurations to prevent manipulation of network message forwarding and enable AiTM attacks,To ensure consistent and secure network settings,To provide predictable network behavior and minimize risks,
What is the MITRE external ID for 'Static Network Configuration'?,M0814,M1032,Not specifically listed under MITRE IDs,
Which guideline is associated with 'Static Network Configuration'?,IEC 62443-3-3:2013 - SR 7.7,NIST SP 800-82,ISA/IEC 62443 Standards,
What is the purpose of setting and enforcing secure password policies?,To ensure secure access to accounts in ICS environments,To prevent unauthorized access and enhance security,To enhance security by ensuring strong authentication measures,
What is the MITRE external ID for 'Password Policies'?,M0927,M1038,T1110,
Which guideline is associated with 'Password Policies'?,IEC 62443-3-3:2013 - SR 1.5,NIST SP 800-53,NIST Special Publication 800-63,
What is the name of the attack pattern that involves blocking a command message?,Block Command Message,Block Command Message,Block Command Message,
What is the description of the 'Block Command Message' attack pattern?,Adversaries may block a command message from reaching its intended target to prevent command execution.,Blocking the transmission of legitimate command messages,An attack pattern where command messages are intercepted or blocked to disrupt control,
Which kill chain phase does the 'Block Command Message' attack pattern belong to?,Inhibit-response-function,Denial of Service,Command and Control (C2),
What is the external ID for the 'Block Command Message' attack pattern?,T0803,T0878,CAPEC-639,
Which data sources are associated with the 'Block Command Message' attack pattern?,"Process: Process Termination, Operational Databases: Process History/Live Data, Application Log: Application Log Content, Network Traffic: Network Traffic Flow, Operational Databases: Process/Event Alarm","Network Traffic, System Logs","System logs, network monitoring",
What is the name of the attack pattern that involves stopping services?,Service Stop,Service Stop,Service Stop,
What is the description of the 'Service Stop' attack pattern?,Adversaries may stop or disable services on a system to render those services unavailable to legitimate users.,Terminating or disabling services to cause disruption,An attack pattern where services are stopped to disrupt system operations,
Which kill chain phase does the 'Service Stop' attack pattern belong to?,Inhibit-response-function,Denial of Service,Delivery,
What is the external ID for the 'Service Stop' attack pattern?,T0881,T1489,CAPEC-645,
Which data sources are associated with the 'Service Stop' attack pattern?,"File: File Modification, Command: Command Execution, Process: OS API Execution, Process: Process Termination, Service: Service Metadata, Windows Registry: Windows Registry Key Modification, Process: Process Creation","Process Monitoring, Service Logs","System logs, network monitoring",
What is the name of the attack pattern that involves modifying parameters?,Modify Parameter,Modify Parameter,Modify Parameter,
What is the description of the 'Modify Parameter' attack pattern?,Adversaries may modify parameters used to instruct industrial control system devices.,Changing the value of control system parameters,An attack pattern that involves changing parameters in a device or system to alter its behavior,
Which kill chain phase does the 'Modify Parameter' attack pattern belong to?,Impair-process-control,Execution,Installation,
What is the external ID for the 'Modify Parameter' attack pattern?,T0836,T0831,CAPEC-642,
Which data sources are associated with the 'Modify Parameter' attack pattern?,"Asset: Asset Inventory, Application Log: Application Log Content, Operational Databases: Device Alarm, Network Traffic: Network Traffic Content","Device logs, Configuration files","Device configuration files, network traffic monitoring",
What is the name of the attack pattern that involves modifying controller tasking?,Modify Controller Tasking,Modify Controller Tasking,Modify Controller Tasking,
What is the description of the 'Modify Controller Tasking' attack pattern?,Adversaries may modify the tasking of a controller to allow for the execution of their own programs.,Changing or adding new tasks to a controller,An attack pattern where the tasking or scheduling of a controller is altered to disrupt processes,
Which kill chain phase does the 'Modify Controller Tasking' attack pattern belong to?,Execution,Execution,Command and Control,
What is the external ID for the 'Modify Controller Tasking' attack pattern?,T0821,T0832,CAPEC-644,
Which data sources are associated with the 'Modify Controller Tasking' attack pattern?,"Application Log: Application Log Content, Operational Databases: Device Alarm, Asset: Software","Device logs, Task schedules","Controller logs, operational data",
What is the name of the attack pattern that involves wireless sniffing?,Wireless Sniffing,Wireless Sniffing,Wireless Sniffing,
What is the description of the 'Wireless Sniffing' attack pattern?,Adversaries may seek to capture radio frequency (RF) communication used for remote control and reporting in distributed environments.,Intercepting and analyzing wireless communications,Capturing wireless communication to intercept data or credentials,
Which kill chain phases does the 'Wireless Sniffing' attack pattern belong to?,"Discovery, Collection",Reconnaissance,Reconnaissance,
What is the external ID for the 'Wireless Sniffing' attack pattern?,T0887,T0843,CAPEC-650,
Which data sources are associated with the 'Wireless Sniffing' attack pattern?,Network Traffic: Network Traffic Flow,"Network traffic, Wireless packet captures",Wireless network traffic,
What is the name of the attack pattern that involves loss of view?,Loss of View,Loss of View,Loss of View,
What is the description of the 'Loss of View' attack pattern?,"Adversaries may cause a sustained or permanent loss of view where the ICS equipment will require local, hands-on operator intervention.",Disrupting or disabling the operator’s view of the process,Disruption of the visibility or monitoring capability within a control system,
Which kill chain phase does the 'Loss of View' attack pattern belong to?,Impact,Impact,Command and Control,
What is the external ID for the 'Loss of View' attack pattern?,T0829,T0815,CAPEC-654,
Which external references are associated with the 'Loss of View' attack pattern?,"Corero, Michael J. Assante and Robert M. Lee, Tyson Macaulay","NIST SP 800-82, IEC 62443","MITRE ATT&CK, NIST guidelines",
What is the name of the attack pattern that involves activating firmware update mode?,Activate Firmware Update Mode,Activate Firmware Update Mode,Activate Firmware Update Mode,
What is the description of the 'Activate Firmware Update Mode' attack pattern?,Adversaries may activate firmware update mode on devices to prevent expected response functions from engaging in reaction to an emergency or process malfunction.,Forcing a device into firmware update mode,Forcing a device to perform firmware updates potentially introducing malicious firmware,
Which kill chain phase does the 'Activate Firmware Update Mode' attack pattern belong to?,Inhibit-response-function,Execution,Installation,
What is the external ID for the 'Activate Firmware Update Mode' attack pattern?,T0800,T0825,CAPEC-638,
Which data sources are associated with the 'Activate Firmware Update Mode' attack pattern?,"Network Traffic: Network Traffic Content, Operational Databases: Device Alarm, Application Log: Application Log Content","Device logs, Firmware update records","Firmware logs, device management interfaces",
What is the name of the attack pattern that involves manipulation of control?,Manipulation of Control,Manipulation of Control,Manipulation of Control,
What is the description of the 'Manipulation of Control' attack pattern?,Adversaries may manipulate physical process control within the industrial environment.,Altering control logic or command instructions,"Altering the control commands to industrial equipment, leading to unintended actions",
Which kill chain phase does the 'Manipulation of Control' attack pattern belong to?,Impact,Execution,Command and Control,
What is the external ID for the 'Manipulation of Control' attack pattern?,T0831,T0808,CAPEC-641,
Which external references are associated with the 'Manipulation of Control' attack pattern?,"Bruce Schneier January 2008, John Bill May 2017, Shelley Smith February 2008","NIST SP 800-82, IEC 62443","MITRE ATT&CK, industrial control system security documents",
What is the name of the attack pattern that involves denial of service?,Denial of Service,Denial of Service,Denial of Service (DoS),
What is the description of the 'Denial of Service' attack pattern?,Adversaries may perform Denial-of-Service (DoS) attacks to disrupt expected device functionality.,Interrupting or halting services,A cyber-attack that makes a machine or network resource unavailable to its intended users by temporarily or indefinitely disrupting services of a host connected to the Internet.,
Which kill chain phase does the 'Denial of Service' attack pattern belong to?,Inhibit-response-function,Impact,Exploitation,
What is the external ID for the 'Denial of Service' attack pattern?,T0814,T0810,CAPEC-130,
Which data sources are associated with the 'Denial of Service' attack pattern?,"Network Traffic: Network Traffic Content, Network Traffic: Network Traffic Flow, Application Log: Application Log Content, Operational Databases: Process History/Live Data","System logs, Network traffic","Network traffic, server logs, application logs",
What is the name of the attack pattern that involves blocking serial COM?,Block Serial COM,Block Serial COM,Block Serial COM,
What is the description of the 'Block Serial COM' attack pattern?,Adversaries may block access to serial COM to prevent instructions or configurations from reaching target devices.,Disabling or blocking serial communication ports,Preventing communication through serial connections by blocking or interfering with the COM port.,
Which kill chain phase does the 'Block Serial COM' attack pattern belong to?,Inhibit-response-function,Impact,Exploitation,
What is the external ID for the 'Block Serial COM' attack pattern?,T0805,T0816,CAPEC-639,
Which data sources are associated with the 'Block Serial COM' attack pattern?,"Operational Databases: Process/Event Alarm, Network Traffic: Network Traffic Flow, Operational Databases: Process History/Live Data, Application Log: Application Log Content, Process: Process Termination","Serial communication logs, System logs","System logs, device monitoring tools",
What is the name of the technique used by adversaries to bypass process and/or signature-based defenses?,System Binary Proxy Execution,Process Injection,Polymorphic Code,
Which technique involves collecting point and tag values to understand the process environment?,Point & Tag Identification,Tag Enumeration,Process Monitoring,
What method do adversaries use to gather information about the physical process state?,Monitor Process State,Process State Collection,Sensor monitoring and data acquisition,
What technique might adversaries use to forcibly restart or shutdown a device in an ICS environment?,Device Restart/Shutdown,Device Restart/Shutdown,Command Injection,
What is the purpose of the 'System Binary Proxy Execution' technique?,To proxy execution of malicious content with signed or trusted binaries.,To execute malicious binaries via trusted system binaries,To execute malicious code or commands by leveraging legitimate system binaries to evade detection.,
Which technique involves leveraging weaknesses in public-facing applications?,Exploit Public-Facing Application,Exploit Public-Facing Application,Exploit Public-Facing Application,
What is the potential result of a 'Loss of Protection' in an ICS environment?,"Equipment damage, prolonged process disruptions, and hazards to personnel.",Disabling of safety functions and increased risk,Reduced security measures leading to increased vulnerability to attacks.,
Which technique may involve adversaries suppressing protection function alarms?,Alarm Suppression,Alarm Suppression,Alarm Suppression,
What type of device is targeted in the 'Transient Cyber Asset' technique?,Transient assets that are not permanent in the ICS environment.,Portable devices or laptops,Devices temporarily connected to a network such as laptops or mobile devices.,
What is the role of 'Remote System Information Discovery' in adversarial activities?,To get detailed information about remote systems for targeting and shaping follow-on behaviors.,To collect information about remote systems,To gather detailed information about remote systems for further exploitation or attack planning.,
Which technique involves uploading a program from a PLC to gather information?,Program Upload,Program Upload,Program Upload,
How do adversaries use the 'Network Sniffing' technique?,To gain information about the target by capturing network traffic.,They capture and analyze network traffic to gather sensitive information.,By capturing network traffic to extract valuable data such as credentials and network configurations.,
What is the significance of 'Role Identification' in a target control system?,To understand the roles of devices within a control process for targeted attacks.,Identifying the roles and permissions of users to exploit them for unauthorized access.,To determine the functions and privileges of different devices and users within a system for targeted attacks.,
Which technique involves the use of scripting languages to execute arbitrary code?,To execute arbitrary code in the form of a pre-written script or user-supplied code.,Scripting,Scripting,
How might adversaries compromise wireless networks in ICS environments?,By using radios and wireless communication devices to gain unauthorized access to a wireless network.,By using techniques such as wireless sniffing and rogue access points.,Through methods like eavesdropping on unsecured wireless communications or exploiting weak encryption.,
What does 'Change Operating Mode' allow adversaries to do on a controller?,To gain additional access to engineering functions such as Program Download.,"It allows them to change the operating state of the controller, potentially disrupting processes.","Alter the operational state of a device, potentially causing it to operate in an unsafe or unintended mode.",
Which technique may involve adversaries modifying the I/O image of PLCs?,To prevent PLCs from functioning as expected.,Manipulate I/O Image,I/O Image Injection,
What is the goal of 'Exploit Public-Facing Application'?,To exploit weaknesses in internet-facing software for initial access into an industrial network.,To gain unauthorized access through vulnerabilities in publicly accessible applications.,To exploit vulnerabilities in applications accessible from the internet to gain unauthorized access or cause disruption.,
Which technique allows adversaries to monitor process state information?,To gather information about the physical process state.,Monitor Process State,Process Monitoring,
Which phase of the kill chain does 'Alarm Suppression' fall under?,Inhibit-response-function,Impact,Exploitation,
How can adversaries use 'Command-Line Interface' in ICS environments?,To interact with systems and execute commands.,For direct interaction with system software to execute commands.,By executing commands directly on a system to manipulate processes or extract information.,
What technique involves gathering detailed information about remote systems?,"To get detailed information about remote systems, such as make/model, role, and configuration.",Remote System Information Discovery,System Information Discovery,
What is the 'User Execution' technique and how is it used?,It involves relying on user interaction for the execution of malicious code.,"It involves tricking users into executing malicious code, typically via phishing or social engineering.",Tricking users into executing malicious code through actions like opening a file or clicking a link.,
What is the goal of the 'Detect Operating Mode' technique?,To gather information about a PLC's or controller's current operating mode.,To determine the current operational state of a system.,To determine the current operating state of a system to tailor subsequent attacks.,
How might adversaries use 'Program Upload' in an ICS attack?,To gather information about an industrial process by uploading and studying the logic of a PLC program.,"To inject malicious programs into control systems, altering their behavior.",To upload malicious or altered programs to control systems to change their behavior.,
What is the potential impact of 'Manipulate I/O Image' on ICS devices?,To prevent PLCs from functioning as expected.,"It can lead to incorrect inputs and outputs, causing malfunction or disruption of processes.","Can result in incorrect operation or reporting of industrial processes, leading to physical damage or system disruption.",
Which technique involves the use of 'Transient Cyber Assets'?,To leverage devices that are transient across ICS networks and external networks.,Targeting portable or temporary devices to spread malware or gather information.,Transient Cyber Asset Management,
What is the purpose of 'Remote System Information Discovery' in adversarial activities?,To get detailed information about remote systems for targeting and shaping follow-on behaviors.,To identify details about remote systems that can be exploited.,"To identify system configurations, installed software, and other critical information for further exploitation.",
Which technique involves monitoring process state information?,To gather information about the physical process state.,Monitor Process State,Process Monitoring,
What is the role of 'Wireless Compromise' in ICS attacks?,To gain unauthorized access to a wireless network and potentially control it.,To gain unauthorized access or disrupt communication in wireless networks.,To exploit wireless networks for unauthorized access or to intercept data.,
Which technique might involve suppressing protection function alarms?,To prevent protection function alarms from notifying operators of critical conditions.,Alarm Suppression,Alarm Suppression,
What is the 'Scripting' technique used for?,To execute arbitrary code in an ICS environment.,To automate the execution of commands or scripts for malicious purposes.,"To automate tasks that are normally conducted by the user or system administrator, often for malicious purposes.",
How can adversaries use 'Role Identification' in a target control system?,To understand the roles of devices within a control process for targeted attacks.,To identify and exploit user roles and permissions.,To identify critical roles and target specific accounts or devices for more effective attacks.,
What technique involves modifying a controller's operating mode?,To gain additional access to engineering functions such as Program Download.,Change Operating Mode,Change Operating Mode,
Which technique may involve adversaries targeting transient devices in ICS networks?,To leverage devices that are transient across ICS networks and external networks.,Targeting Transient Cyber Assets,Transient Cyber Asset Management,
What is the potential impact of 'Loss of Protection' in ICS environments?,"Equipment damage, prolonged process disruptions, and hazards to personnel.","Disabling safety mechanisms, leading to increased risk of damage.",Can lead to critical systems being unprotected and vulnerable to further attacks.,
Which technique involves the collection of data from information repositories?,To collect data from information repositories containing sensitive ICS information.,Automated Collection,Data Mining,
What role does 'Exploit Public-Facing Application' play in ICS attacks?,To exploit weaknesses in internet-facing software for initial access into an industrial network.,It serves as an entry point for adversaries to gain access to critical systems.,It serves as a method to gain initial access or to cause disruption within an ICS environment.,
What is the goal of 'Device Restart/Shutdown' in an ICS environment?,To disrupt and potentially negatively impact physical processes.,To disrupt operations by forcibly restarting or shutting down devices.,To disrupt normal operations by forcibly restarting or shutting down devices.,
What is the potential use of 'Command-Line Interface' by adversaries?,To interact with systems and execute commands.,"To execute commands directly on target systems, often bypassing security controls.","To directly interact with the operating system for executing commands, modifying settings, or accessing restricted areas.",
How do adversaries use 'Alarm Suppression' in ICS environments?,To prevent protection function alarms from notifying operators of critical conditions.,They disable or modify alarms to avoid detection of their activities.,By disabling or altering alarm systems to prevent notifications of malicious activity or system anomalies.,
What is the purpose of the 'Change Operating Mode' technique?,To gain additional access to engineering functions such as Program Download.,"To alter the state of a control system, potentially causing it to operate incorrectly.","To alter how devices or systems operate, typically to make them perform in unintended or unauthorized ways.",
How can 'Scripting' be used in ICS attacks?,To execute arbitrary code in an ICS environment.,For automating malicious activities and executing arbitrary code.,"To automate malicious tasks, spread payloads, or modify configurations without manual intervention.",
What does the 'Monitor Process State' technique involve?,To gather information about the physical process state.,Monitoring system states to gain insights into operations or identify opportunities for disruption.,Continuously observing and recording the state of industrial processes to detect anomalies or changes.,
How might adversaries use 'Program Upload' in ICS environments?,To gather information about an industrial process by uploading and studying the logic of a PLC program.,To introduce malicious software or modify system behavior.,By uploading malicious programs or configurations to industrial control systems to alter their functionality.,
What is the potential impact of 'Wireless Compromise' in ICS environments?,To gain unauthorized access to a wireless network and potentially control it.,Loss of control or confidentiality in communications.,It could allow unauthorized access to network traffic and potentially enable further attacks or data breaches.,
How do adversaries use 'Remote System Information Discovery'?,To get detailed information about remote systems for targeting and shaping follow-on behaviors.,They gather information on remote systems to plan further attacks.,"To collect comprehensive details about remote systems, including software versions and network configurations, for planning targeted attacks.",
What is the goal of 'System Binary Proxy Execution'?,To proxy execution of malicious content with signed or trusted binaries.,To execute unauthorized code through legitimate system binaries.,To execute malicious code under the guise of legitimate system processes to evade detection.,
What is the potential impact of 'Loss of Protection' in ICS environments?,"Equipment damage, prolonged process disruptions, and hazards to personnel.",Increased risk of operational failures or safety incidents.,"Increased vulnerability due to compromised security controls, leading to higher risks of industrial accidents or attacks.",
What is the technique 'Rootkit' described in the MITRE ATT&CK framework?,"Adversaries may deploy rootkits to hide the presence of programs, files, network connections, services, drivers, and other system components.",A type of malware designed to hide its presence and gain privileged access to systems.,"A set of software tools that enable unauthorized access and control of a computer system, hiding its presence effectively.",
What is the technique 'Automated Collection' described in the MITRE ATT&CK framework?,Adversaries may automate collection of industrial environment information using tools or scripts.,Gathering data automatically from various sources without human intervention.,Involves the use of automated means to identify and collect information about the target.,
What is the technique 'Block Reporting Message' described in the MITRE ATT&CK framework?,Adversaries may block or prevent a reporting message from reaching its intended target.,Preventing the transmission of status or alert messages from devices.,Involves blocking or altering the reporting messages within the system to prevent accurate communication.,
What is the technique 'Unauthorized Command Message' described in the MITRE ATT&CK framework?,Adversaries may send unauthorized command messages to instruct control system assets to perform actions outside of their intended functionality.,Sending commands that are not authorized or expected by the control system.,Involves sending unauthorized command messages to control systems to illicitly manipulate their operations.,
What is the technique 'Data Destruction' described in the MITRE ATT&CK framework?,Adversaries may perform data destruction over the course of an operation.,Deleting or corrupting data to cause disruption or conceal activities.,Involves the intentional deletion or corruption of data on a system to disrupt operations or hide activities.,
What is the technique 'Manipulation of View' described in the MITRE ATT&CK framework?,Adversaries may attempt to manipulate the information reported back to operators or controllers.,Altering what the operator sees to mislead or cause incorrect responses.,Involves altering what is displayed on operator screens to mislead or confuse the operator about system status.,
What is the technique 'Data Historian Compromise' described in the MITRE ATT&CK framework?,Adversaries may compromise and gain control of a data historian to gain a foothold into the control system environment.,Compromising systems that store historical data to manipulate or delete records.,Involves compromising systems that collect and store historical data about processes for operational analysis.,
What is the technique 'Network Service Scanning' described in the MITRE ATT&CK framework?,Network Service Scanning is the process of discovering services on networked systems.,Scanning for open services on a network to identify potential targets.,Involves scanning the network to identify running services on devices that could be exploited.,
What is the technique 'Indicator Removal on Host' described in the MITRE ATT&CK framework?,Adversaries may attempt to remove indicators of their presence on a system in an effort to cover their tracks.,Deleting logs or other indicators to cover the tracks of an attack.,Involves deleting or altering artifacts on a host system to obscure the fact that it has been compromised.,
What is the technique 'I/O Image' described in the MITRE ATT&CK framework?,Adversaries may seek to capture process values related to the inputs and outputs of a PLC.,Manipulating input/output images to alter system behavior.,Involves altering the input/output data of a system to interfere with operational processes.,
What is the technique 'Denial of View' described in the MITRE ATT&CK framework?,Adversaries may cause a denial of view in attempt to disrupt and prevent operator oversight on the status of an ICS environment.,Disabling or disrupting operator interfaces to prevent monitoring or control.,Involves hiding or obscuring important operational information from view to prevent accurate decision-making.,
What is the technique 'Execution through API' described in the MITRE ATT&CK framework?,Adversaries may attempt to leverage Application Program Interfaces (APIs) used for communication between control software and the hardware.,Using API calls to execute commands on a system.,Involves using system APIs to execute malicious actions in a way that appears legitimate to system monitors.,
What is the technique 'Supply Chain Compromise' described in the MITRE ATT&CK framework?,"Adversaries may perform supply chain compromise to gain control systems environment access by means of infected products, software, and workflows.","Compromising hardware, software, or services during the supply chain.",Involves tampering with components of a supply chain to introduce vulnerabilities or malicious software into products.,
What is the technique 'Serial Connection Enumeration' described in the MITRE ATT&CK framework?,Adversaries may perform serial connection enumeration to gather situational awareness after gaining access to devices in the OT network.,Identifying serial connections to enumerate devices.,Involves enumerating through serial connections to identify connected devices and their configurations.,
What is the technique 'Loss of Safety' described in the MITRE ATT&CK framework?,Adversaries may compromise safety system functions designed to maintain safe operation of a process when unacceptable or dangerous conditions occur.,Actions that disable or impair safety mechanisms.,"Involves compromising systems that manage safety measures, leading to potential hazardous conditions.",
What is the technique 'Loss of Productivity and Revenue' described in the MITRE ATT&CK framework?,Adversaries may cause loss of productivity and revenue through disruption and even damage to the availability and integrity of control system operations.,Disruptions that result in decreased output and financial loss.,"Involves attacks that result in operational downtime, reducing productivity and generating financial losses.",
What is the technique 'Spearphishing Attachment' described in the MITRE ATT&CK framework?,"Adversaries may use a spearphishing attachment, a variant of spearphishing, as a form of a social engineering attack against specific targets.",Sending malicious attachments to users to compromise systems.,Involves sending malicious attachments in spearphishing emails to target specific individuals or organizations.,
What is the technique 'Location Identification' described in the MITRE ATT&CK framework?,Adversaries may perform location identification using device data to inform operations and targeted impact for attacks.,Determining the physical or network location of a device or user.,Involves using data from network communications or device configurations to determine the physical location of networked systems.,
What is the technique 'Autorun Image' described in the MITRE ATT&CK framework?,Adversaries may leverage AutoRun functionality or scripts to execute malicious code.,Using autorun features to execute code automatically when media is inserted.,Involves leveraging the autorun functionality in systems to execute malicious software automatically.,
What is the technique 'Drive-by Compromise' described in the MITRE ATT&CK framework?,"Adversaries may gain access to a system during a drive-by compromise, when a user visits a website as part of a regular browsing session.",Gaining access through a website that exploits vulnerabilities.,Involves infecting a target through vulnerabilities in their web browser by visiting a malicious website.,
What is the kill chain phase for the technique named 'Rootkit'?,"Evasion, Inhibit-response-function",Evasion,Installation,
Which technique is associated with the 'collection' kill chain phase?,Automated Collection,Automated Collection,Automated Collection,
What phase in the kill chain does the technique 'Block Reporting Message' belong to?,Inhibit-response-function,Impact,Inhibition,
Identify a technique with the kill chain phase 'impair-process-control'.,Unauthorized Command Message,Loss of Safety,Manipulation of View,
Which technique has 'evasion' as its kill chain phase?,"Rootkit, Indicator Removal on Host",Rootkit,Rootkit,
In which kill chain phase is the 'Manipulation of View' technique used?,Impact,Impact,Execution,
Which technique is associated with the 'initial-access' kill chain phase?,"Data Historian Compromise, Supply Chain Compromise",Spearphishing Attachment,Spearphishing Attachment,
What is the kill chain phase for the 'Execution through API' technique?,Execution,Execution,Execution,
Which technique's kill chain phase is 'impact'?,"Loss of Safety, Loss of Productivity and Revenue",Loss of Productivity and Revenue,Data Destruction,
Name a technique related to the 'discovery' kill chain phase.,"Serial Connection Enumeration, Network Service Scanning",Network Service Scanning,Network Service Scanning,
Which technique involves the 'execution' kill chain phase?,"Execution through API, Autorun Image",Execution through API,Execution through API,
Identify a technique with 'evasion' as its kill chain phase.,"Rootkit, Indicator Removal on Host",Indicator Removal on Host,Indicator Removal on Host,
Which technique is used in the 'impact' kill chain phase and causes loss of safety?,Loss of Safety,Loss of Safety,Loss of Safety,
What kill chain phase is associated with 'Loss of Productivity and Revenue'?,Impact,Impact,Impact,
Which technique uses 'initial-access' as its kill chain phase and involves spearphishing?,Spearphishing Attachment,Spearphishing Attachment,Spearphishing Attachment,
In which kill chain phase is the 'Drive-by Compromise' technique used?,Initial-access,Initial-Access,Initial Access,
Identify a technique with the 'execution' kill chain phase related to AutoRun.,Autorun Image,Autorun Image,Autorun Image,
What is the kill chain phase for the 'Supply Chain Compromise' technique?,Initial-access,Initial-Access,Initial Access,
Name a technique used in the 'collection' kill chain phase.,"Automated Collection, I/O Image",Automated Collection,Serial Connection Enumeration,
What phase in the kill chain does the technique 'I/O Image' belong to?,Collection,Collection,Execution,
Which technique's kill chain phase is 'initial-access' and involves supply chain compromise?,Supply Chain Compromise,Supply Chain Compromise,Supply Chain Compromise,
Identify a technique related to 'inhibit-response-function'.,Rootkit,Block Reporting Message,Block Reporting Message,
What kill chain phase is associated with the 'Data Destruction' technique?,Inhibit-response-function,Impact,Impact,
Which technique is associated with 'discovery' and involves network service scanning?,Network Service Scanning,Network Service Scanning,Network Service Scanning,
In which kill chain phase is the 'Indicator Removal on Host' technique used?,Evasion,Evasion,Evasion,
Which technique involves the 'execution' kill chain phase and uses API?,Execution through API,Execution through API,Execution through API,
Identify a technique with 'impact' as its kill chain phase and relates to safety.,Loss of Safety,Loss of Safety,Loss of Safety,
What phase in the kill chain does the 'Loss of View' technique belong to?,Impact,Impact,Inhibition,
Which technique's kill chain phase is 'collection' and involves automated collection?,Automated Collection,Automated Collection,Automated Collection,
Name a technique related to 'discovery' in the kill chain.,Serial Connection Enumeration,Location Identification,Location Identification,
What is the kill chain phase for the 'Denial of View' technique?,Impact,Impact,Inhibition,
Which technique's kill chain phase is 'collection' and involves data historian compromise?,Data Historian Compromise,Data Historian Compromise,Data Historian Compromise,
Identify a technique with the 'evasion' kill chain phase and involves rootkit.,Rootkit,Rootkit,Rootkit,
In which kill chain phase is the 'Unauthorized Command Message' technique used?,Impair-process-control,Execution,Execution,
What is the kill chain phase for the 'Data Historian Compromise' technique?,Initial-access,Collection,Collection,
Which technique is associated with 'impact' and involves loss of productivity?,Loss of Productivity and Revenue,Loss of Productivity and Revenue,Loss of Productivity and Revenue,
In which kill chain phase is the 'Automated Collection' technique used?,Collection,Collection,Collection,
Identify a technique with 'evasion' as its kill chain phase.,Indicator Removal on Host,Indicator Removal on Host,Indicator Removal on Host,
What is the kill chain phase for the 'Loss of Safety' technique?,Impact,Impact,Impact,
Which technique's kill chain phase is 'evasion' and involves hiding indicators on the host?,Indicator Removal on Host,Rootkit,Indicator Removal on Host,
Name a technique related to 'execution' in the kill chain.,Execution through API,Execution through API,Execution through API,
Which technique involves 'collection' and is related to I/O image capture?,I/O Image,I/O Image,I/O Image,
In which kill chain phase is the 'Network Service Scanning' technique used?,Discovery,Discovery,Discovery,
What is the kill chain phase for the 'Spearphishing Attachment' technique?,Initial-access,Initial-Access,Initial Access,
Which technique's kill chain phase is 'execution' and uses AutoRun?,Autorun Image,Autorun Image,Autorun Image,
Name a technique related to 'collection' in the kill chain.,Data Historian Compromise,Automated Collection,Data Historian Compromise,
What is the kill chain phase for the 'Drive-by Compromise' technique?,Initial-access,Initial-Access,Initial Access,
Identify a technique with 'execution' as its kill chain phase.,Execution,Execution through API,Execution through API,
What phase in the kill chain does the technique 'Manipulation of View' belong to?,Impact,Impact,Execution,
Which technique is associated with 'collection' and involves serial connection enumeration?,Serial Connection Enumeration,Serial Connection Enumeration,Serial Connection Enumeration,
In which kill chain phase is the 'Loss of Productivity and Revenue' technique used?,Impact,Impact,Impact,
Which technique's kill chain phase is 'initial-access' and involves drive-by compromise?,Drive-by Compromise,Drive-by Compromise,Drive-by Compromise,
What is the kill chain phase for the 'Supply Chain Compromise' technique?,Initial-access,Initial-Access,Initial Access,
Identify a technique with 'impact' as its kill chain phase.,Loss of Safety,Loss of Safety,Loss of Safety,
Which technique is used in the 'evasion' kill chain phase and involves rootkit?,Rootkit,Rootkit,Rootkit,
What kill chain phase is associated with the 'Data Destruction' technique?,Inhibit-response-function,Impact,Impact,
Name a technique related to 'initial-access' in the kill chain.,Drive-by Compromise,Spearphishing Attachment,Spearphishing Attachment,
Which technique's kill chain phase is 'collection' and involves I/O image?,I/O Image,I/O Image,I/O Image,
