Questions,Responses (base),Response (Gpt 4o),Response (GPT 4)
What steps can be taken to prevent data encryption in future ransomware attacks?,"Implementing robust backup strategies, network segmentation, and endpoint protection can help prevent data encryption in ransomware attacks.","Implement strong backups, employ multi-factor authentication, use endpoint detection, and segment networks.","Implement robust data backups, educate on phishing, use advanced threat detection, and segment networks."
How can power grids protect their control systems from similar cyberattacks in the future?,"Employing real-time monitoring, intrusion detection systems, and regular security assessments can protect power grids from similar cyberattacks.","Deploy robust intrusion detection, conduct regular security audits, and ensure strict access controls.","Utilize real-time monitoring, enforce strict access control, and deploy network segmentation."
What can be done to mitigate the impact of zero-day vulnerabilities in ICS environments?,"Regular patch management, network segmentation, and implementing virtual patching techniques can mitigate the impact of zero-day vulnerabilities.","Apply security patches promptly, use threat intelligence, and implement application whitelisting.","Keep software up-to-date, use intrusion detection systems, and engage in proactive threat hunting."
What measures can be implemented to prevent data exfiltration in ICS environments?,"Data loss prevention (DLP) tools, encryption of sensitive data, and strict access controls can help prevent data exfiltration in ICS environments.","Encrypt sensitive data, use Data Loss Prevention (DLP) tools, and monitor network traffic for anomalies.","Monitor network traffic, use data loss prevention tools, and encrypt sensitive data."
How can critical infrastructure defend against DDoS attacks targeting ICS networks?,"Deploying DDoS protection services, rate limiting, and network traffic filtering can help defend against DDoS attacks in ICS environments.","Deploy DDoS protection services, use redundant communication paths, and implement rate limiting.","Implement DDoS mitigation tools, increase bandwidth, and configure network redundancy."
What preventive measures can reduce the risk of spear-phishing attacks in ICS environments?,"Employee training, multi-factor authentication, and email filtering can reduce the risk of spear-phishing attacks targeting ICS operators.","Conduct phishing awareness training, use email filtering, and implement DMARC, SPF, and DKIM.","Conduct security awareness training, implement email filtering, and use multi-factor authentication."
What steps can be taken to strengthen authentication mechanisms in ICS environments?,"Implementing multi-factor authentication, strong password policies, and regular access audits can strengthen authentication mechanisms in ICS environments.","Enforce multi-factor authentication, implement strong password policies, and use biometric authentication.","Deploy multi-factor authentication, use biometric verification, and require strong passwords."
How can ICS environments better secure their supply chains to prevent third-party risks?,"Conducting third-party risk assessments, enforcing strict vendor access controls, and implementing supply chain monitoring can secure ICS environments from third-party risks.","Perform third-party risk assessments, enforce strict vendor access controls, and audit supplier security practices.","Conduct security audits, implement supplier security standards, and use secure communication channels."
What security practices can prevent unauthorized remote access to control systems in ICS?,"Using secure remote access solutions, enforcing least privilege access, and monitoring remote sessions can prevent unauthorized remote access in ICS environments.","Use VPNs with MFA, enforce strict access controls, and monitor remote sessions for unusual activity.","Use VPNs with strong encryption, restrict access with firewalls, and monitor for unusual activities."
How can ICS environments protect against malware spread through removable media?,"Implementing USB device control policies, disabling auto-run features, and conducting regular malware scans on removable media can protect ICS environments.","Disable auto-run features, enforce scanning of removable media, and limit USB port access.","Disable auto-run, scan removable media for malware, and restrict use of external devices."
What strategies can mitigate the risk of insider threats in ICS environments?,"Conducting background checks, monitoring user activity, and enforcing role-based access controls can mitigate the risk of insider threats in ICS environments.","Implement user activity monitoring, enforce least privilege access, and conduct regular background checks.","Implement strict access controls, monitor user activities, and conduct regular security audits."
How can oil refineries ensure their control systems are protected from exploitation?,"Regularly updating software, conducting vulnerability assessments, and applying patches promptly can protect oil refinery control systems from exploitation.","Apply security patches, conduct regular vulnerability assessments, and use network segmentation.","Regularly update systems, employ network segmentation, and monitor infrastructure."
What measures can be taken to defend against social engineering attacks in ICS environments?,"Employee training, awareness programs, and implementing strict verification processes can help defend against social engineering attacks in ICS environments.","Provide ongoing security training, enforce strict access verification processes, and use phishing simulations.","Provide regular training, simulate social engineering attacks, and use psychological security measures."
How can ICS environments improve network segmentation to enhance security?,"Implementing layered network architecture, using firewalls, and segmenting critical assets separately can improve network segmentation and enhance security in ICS environments.","Implement VLANs, use firewalls between segments, and isolate critical systems from less secure areas.","Divide networks into zones, control data flows, and isolate critical assets."
What security practices can ensure the safe use of VPNs in ICS environments?,"Enforcing strong authentication, using encrypted VPN connections, and monitoring VPN traffic can ensure the safe use of VPNs in ICS environments.","Enforce strong encryption, use multi-factor authentication, and monitor VPN traffic for anomalies.","Use secure protocols like IPSec, monitor connections continuously, and enforce endpoint compliance."
How can ICS environments enhance endpoint security to prevent breaches?,"Deploying endpoint protection software, conducting regular updates, and enforcing device hardening policies can enhance endpoint security in ICS environments.","Deploy endpoint detection and response (EDR), use antivirus software, and regularly update systems.","Install updated antivirus software, apply endpoint encryption, and use application whitelists."
What steps can be taken to secure legacy protocols in ICS environments?,"Updating to more secure protocols, using protocol filtering, and implementing compensating security controls can help secure legacy protocols in ICS environments.","Implement protocol-specific firewalls, segment networks, and gradually phase out legacy protocols.","Encapsulate with secure protocols, limit their use, and replace with updated technology where possible."
How can organizations defend against supply chain attacks on ICS components?,"Conducting rigorous supply chain vetting, enforcing secure procurement processes, and implementing continuous supply chain monitoring can defend against supply chain attacks.","Enforce strict supplier vetting, use secure software delivery methods, and monitor supply chain activities.","Vet all third-party vendors, monitor supply chain risks, and enforce compliance requirements."
How can ICS environments prevent configuration errors that lead to security breaches?,"Implementing configuration management tools, conducting regular audits, and enforcing strict change control processes can prevent configuration errors in ICS environments.","Conduct regular configuration audits, use automated configuration management tools, and enforce change controls.","Use configuration management tools, regularly review configurations, and audit changes."
What controls can be implemented to mitigate the risk of privileged access abuse in ICS environments?,"Enforcing least privilege access, conducting continuous monitoring, and using privileged access management solutions can mitigate the risk of privileged access abuse.","Enforce least privilege access, use privileged access management (PAM) tools, and monitor privileged accounts.","Use least privilege principle, monitor privileged sessions, and employ privileged access management."
What measures can be taken to improve network traffic monitoring in ICS environments?,"Deploying network intrusion detection systems (NIDS), using flow analysis tools, and implementing real-time monitoring can improve network traffic monitoring in ICS environments.","Deploy intrusion detection systems (IDS), use network traffic analysis tools, and enable real-time alerting.","Deploy advanced network monitoring tools, use AI for anomaly detection, and regularly review logs."
How can ICS environments ensure that device firmware is kept up to date to prevent attacks?,"Implementing a firmware management process, regularly checking for updates, and applying firmware patches promptly can ensure device firmware is kept up to date.","Schedule regular firmware updates, automate update processes, and monitor for available patches.","Automate firmware updates, validate firmware integrity, and monitor for vulnerabilities."
What security practices can prevent lateral movement of ransomware in ICS environments?,"Enforcing strict network segmentation, using lateral movement detection tools, and applying micro-segmentation can prevent ransomware from spreading laterally in ICS environments.","Implement network segmentation, use endpoint detection, and restrict unnecessary lateral communication.","Segment networks, apply strict access controls, and use behavior analysis tools."
How can ICS environments secure remote maintenance services to prevent cyberattacks?,"Implementing secure remote access protocols, monitoring remote sessions, and limiting maintenance access to specific times can secure remote maintenance services.","Use secure VPNs, enforce MFA, and monitor remote maintenance activities.","Implement secure gateways, use dedicated networks for remote access, and log all activities."
What steps can be taken to strengthen encryption practices in ICS environments?,"Using strong encryption algorithms, regularly updating encryption protocols, and ensuring encryption is applied to all sensitive data can strengthen encryption practices.","Enforce strong encryption standards, regularly update encryption keys, and use secure key management.","Use strong encryption standards, manage keys securely, and regularly audit encryption implementations."
How can wireless networks in ICS environments be secured against unauthorized access?,"Enforcing strong wireless encryption, using wireless intrusion detection systems, and restricting wireless access points can secure wireless networks in ICS environments.","Use WPA3 encryption, deploy secure access points, and implement network access control (NAC).","Enable Wi-Fi Protected Access 3 (WPA3), use strong passphrases, and employ network access control."
What strategies can minimize downtime in ICS environments following a cyberattack?,"Implementing robust disaster recovery plans, conducting regular backup drills, and ensuring redundancy in critical systems can minimize downtime following a cyberattack.","Develop an incident response plan, use redundant systems, and ensure regular data backups.","Implement a robust disaster recovery plan, test incident response, and maintain redundant systems."
How can physical security controls be improved to prevent cyberattacks in ICS environments?,"Implementing access controls, using surveillance systems, and enforcing physical security policies can improve physical security controls and prevent cyberattacks.","Enforce access control, use surveillance systems, and conduct regular security audits.","Enhance surveillance, employ access control systems, and integrate physical and cybersecurity measures."
What measures can be taken to secure endpoints and prevent unauthorized access to ICS networks?,"Deploying endpoint detection and response (EDR) solutions, enforcing strict access controls, and regularly updating endpoint security measures can secure endpoints in ICS environments.","Deploy endpoint security tools, enforce strong access controls, and use network segmentation.","Deploy endpoint protection solutions, regularly patch systems, and monitor for suspicious activities."
What security measures can be implemented to defend against APTs in ICS environments?,"Implementing threat hunting, using advanced threat detection tools, and conducting regular security assessments can defend against APTs in ICS environments.","Use threat intelligence, employ advanced monitoring tools, and conduct regular penetration testing.","Employ comprehensive monitoring, use threat intelligence, and engage in active defense strategies."
How can ICS environments protect against supply chain vulnerabilities that could lead to cyberattacks?,"Conducting supply chain risk assessments, enforcing secure procurement processes, and regularly monitoring supplier security practices can protect against supply chain vulnerabilities.","Conduct thorough supplier assessments, enforce strict access controls, and monitor supply chain activities.","Establish secure baselines, conduct regular audits, and enforce end-to-end encryption."
What steps can be taken to enhance network access controls in ICS environments?,"Implementing role-based access controls, using multi-factor authentication, and regularly reviewing access permissions can enhance network access controls in ICS environments.","Implement NAC, enforce strong authentication, and regularly review access control lists (ACLs).","Implement robust authentication measures, restrict access by roles, and regularly update access policies."
How can ICS environments ensure timely application of security patches to prevent cyberattacks?,"Implementing a patch management process, regularly monitoring for security updates, and promptly applying patches can ensure timely application of security patches in ICS environments.","Automate patch management, schedule regular maintenance windows, and prioritize critical patches.","Automate patch management processes, prioritize critical patches, and enforce patch compliance."
What measures can be implemented to reduce the risk of phishing attacks in ICS environments?,"Enforcing email filtering, conducting employee phishing awareness training, and implementing multi-factor authentication can reduce the risk of phishing attacks in ICS environments.","Conduct employee training, use email filtering, and implement multi-factor authentication.","Train employees on phishing recognition, use advanced spam filters, and validate external communications."
How can ICS environments protect against the use of compromised credentials in cyberattacks?,"Implementing multi-factor authentication, using credential monitoring tools, and enforcing regular password changes can protect against the use of compromised credentials.","Use multi-factor authentication, monitor for suspicious activity, and enforce strong password policies.","Regularly update credentials, monitor access logs, and use anomaly detection systems."
What steps can be taken to strengthen firewall configurations in ICS environments?,"Conducting regular firewall audits, enforcing strict firewall rules, and using next-generation firewalls can strengthen firewall configurations in ICS environments.","Regularly update firewall rules, conduct periodic firewall audits, and segment networks.","Regularly update firewall rules, segment networks, and implement stateful inspections."
How can ICS environments prevent the spread of malware within their networks?,"Implementing network segmentation, using malware detection tools, and conducting regular security assessments can prevent the spread of malware within ICS environments.","Use network segmentation, deploy antivirus software, and implement regular system scanning.","Use real-time malware protection, segregate networks, and regularly scan systems."
How can ICS environments secure remote access points to prevent cyberattacks?,"Enforcing strong authentication methods, using secure remote access protocols, and regularly monitoring remote access activity can secure remote access points in ICS environments.","Use secure VPNs, enforce multi-factor authentication, and monitor remote access logs.","Secure all remote access with VPNs, multi-factor authentication, and comprehensive logging."
What security practices can be implemented to defend against MITM attacks in ICS environments?,"Using encrypted communication channels, implementing mutual authentication, and employing intrusion detection systems can defend against MITM attacks in ICS environments.","Use strong encryption, enforce certificate validation, and monitor network traffic for anomalies.","Use encrypted connections, deploy HTTPS everywhere, and authenticate all endpoints."
What steps can be taken to ensure effective antivirus protection in ICS environments?,"Regularly updating antivirus software, conducting scheduled scans, and using advanced threat detection tools can ensure effective antivirus protection in ICS environments.","Deploy enterprise-grade antivirus, keep definitions up to date, and schedule regular scans.","Maintain up-to-date antivirus software, perform regular scans, and manage antivirus centrally."
How can facilities secure remote access to prevent unauthorized entry?,"Implement multi-factor authentication, restrict access to necessary personnel, and regularly audit remote access connections.","Implement multi-factor authentication, enforce strong password policies, use VPNs with encryption, restrict access to only necessary personnel, and regularly update and monitor remote access logs.","Implement multi-factor authentication, use VPNs with strong encryption, and regularly update access control policies."
What immediate steps should be taken after a zero-day vulnerability is exploited?,"Isolate affected systems, apply available patches or workarounds, and conduct a forensic analysis to understand the breach.","Isolate affected systems, conduct a forensic investigation, apply patches or workarounds, notify stakeholders, and enhance monitoring for further signs of compromise.","Patch the affected systems, isolate compromised areas, and conduct a thorough security audit to assess damage."
How can malware designed for OT environments be effectively mitigated?,"Deploy advanced threat detection tools specialized for OT, segment networks to limit the spread, and regularly update signatures for OT-specific threats.","Implement network segmentation, use intrusion detection systems, apply strict access controls, regularly update software, and conduct continuous monitoring for anomalies.","Utilize network segmentation, apply robust antivirus solutions, and conduct frequent system scans for anomalies."
What safeguards can be implemented to protect against unauthorized PLC reprogramming?,"Implement strict access controls, use cryptographic signing for PLC code, and continuously monitor PLCs for abnormal behavior.","Use access control lists, implement multi-factor authentication, restrict physical access to PLCs, regularly audit PLC configurations, and monitor for unauthorized changes.","Employ application whitelisting, restrict programming access to authorized personnel, and monitor network traffic for unusual activities."
What are effective countermeasures against social engineering attacks in ICS environments?,"Conduct regular employee training, simulate social engineering attacks to identify weaknesses, and enforce strict identity verification procedures.","Provide regular security awareness training, implement strong authentication processes, enforce strict access controls, and encourage reporting of suspicious activities.","Train employees on security awareness, enforce strict information sharing policies, and simulate phishing attempts for practice."
What strategies can be employed to mitigate DDoS attacks in ICS environments?,"Implement rate limiting, use network firewalls with DDoS protection, and deploy redundancy in network paths to absorb the traffic.","Implement rate limiting, use DDoS protection services, deploy redundant systems, and establish a robust incident response plan to quickly mitigate attacks.","Deploy DDoS protection solutions like rate limiting and traffic analysis, and ensure redundancy in critical network paths."
How should a facility respond to detected reconnaissance activities?,"Increase monitoring, conduct a thorough review of network logs, and implement deceptive technologies to mislead adversaries.","Increase monitoring, block suspicious IP addresses, review access logs for anomalies, conduct a security assessment, and prepare to respond to potential follow-up attacks.","Enhance monitoring, adjust firewall rules to block suspicious IPs, and increase the security posture by hardening exposed services."
What measures can prevent unauthorized changes to ICS configuration files?,"Employ version control systems with access restrictions, perform regular audits, and implement real-time monitoring of configuration changes.","Implement version control, use access control lists, apply multi-factor authentication, conduct regular audits, and monitor for unauthorized modifications.","Implement file integrity monitoring, use role-based access controls, and regularly backup configuration files."
How can weak password practices in ICS environments be strengthened?,"Enforce strong password policies, implement regular password rotations, and use password managers for secure storage.","Enforce strong password policies, implement password expiration and reuse policies, use password managers, and deploy multi-factor authentication.","Enforce complex password policies, regularly rotate passwords, and use password management tools."
What controls can mitigate the threat of rogue insiders in ICS environments?,"Enforce strict role-based access controls, conduct background checks on employees, and monitor for unusual access patterns.","Conduct background checks, implement least privilege access, monitor user activity, establish a whistleblower policy, and regularly review access permissions.","Apply strict access controls, use behavioral analytics to detect anomalies, and conduct regular audits and employee screenings."
What steps should be taken to prevent data exfiltration in ICS networks?,"Implement data loss prevention tools, monitor for unusual network traffic, and restrict outbound communications to only essential services.","Use data loss prevention (DLP) tools, encrypt sensitive data, monitor network traffic, apply strict access controls, and segment networks to limit data movement.","Utilize network segmentation, employ outbound traffic filtering, and monitor for unusual network traffic patterns."
What preventive measures can protect ICS from ransomware attacks?,"Regularly back up critical data, segment networks to isolate ICS systems, and implement endpoint protection with ransomware-specific defenses.","Regularly back up data, implement network segmentation, use endpoint protection, conduct employee training, and apply timely patches and updates.","Keep systems updated, restrict email attachments and links, and regularly backup critical data in isolated storage."
What is the best approach to securing legacy systems in ICS?,"Apply virtual patching, isolate legacy systems from critical networks, and plan for eventual upgrades or replacements.","Use network segmentation, apply virtual patching, restrict access, monitor for vulnerabilities, and consider upgrading or isolating outdated systems.","Isolate legacy systems, apply network segmentation, and use gateway devices with modern security features."
How can phishing attacks be mitigated in ICS environments?,"Implement email filtering solutions, conduct employee phishing awareness training, and enforce strict policies on opening attachments.","Provide phishing awareness training, use email filtering, implement multi-factor authentication, and establish clear reporting procedures for suspected phishing attempts.","Conduct regular phishing awareness training, deploy email filtering solutions, and verify external communications."
How can facilities protect against supply chain attacks on ICS hardware?,"Source hardware from trusted vendors, perform integrity checks on received hardware, and implement strict inventory control.","Vet and monitor suppliers, implement strict procurement controls, use hardware security modules, and apply secure boot processes to verify firmware integrity.","Vet suppliers thoroughly, conduct regular security audits of hardware, and implement secure boot mechanisms."
What strategies can detect and respond to advanced persistent threats (APTs) in ICS?,"Implement continuous monitoring, deploy threat intelligence feeds, and conduct regular threat-hunting exercises in the network.","Implement continuous monitoring, use threat intelligence, deploy intrusion detection systems, conduct regular security audits, and establish a comprehensive incident response plan.","Implement advanced threat detection systems, employ continuous monitoring, and use incident response teams."
What protections can be put in place to safeguard safety instrumented systems?,"Use redundant systems, regularly test SIS integrity, and ensure strict access control to SIS components.","Implement strict access controls, regularly test and validate SIS functionality, monitor for anomalies, and ensure physical security measures are in place.","Utilize redundant systems, employ strict access controls, and continuously monitor system performance and security."
What are effective countermeasures against watering hole attacks in ICS?,"Block access to untrusted websites, use web filtering technologies, and monitor for signs of compromised websites commonly visited by staff.","Use web filtering, monitor web traffic, conduct security awareness training, and regularly update software to mitigate vulnerabilities that could be exploited.","Educate users on the risks of unknown websites, use web filters, and regularly update anti-malware solutions."
How can network segmentation be reinforced to prevent lateral movement?,"Implement micro-segmentation, enforce strict access controls between network segments, and deploy intrusion detection systems.","Use firewalls and VLANs to segment networks, enforce strict access controls between segments, monitor traffic between segments, and regularly review segmentation policies.","Define strict firewall rules, use VLANs to isolate critical devices, and regularly audit network configurations."
How can physical security breaches be mitigated in relation to ICS cybersecurity?,"Install surveillance cameras, enforce strict access controls to physical locations, and integrate physical and cybersecurity monitoring systems.","Implement access control systems, use surveillance cameras, conduct regular physical security audits, enforce visitor policies, and integrate physical security with cybersecurity monitoring.","Implement physical access controls, monitor premises with CCTV, and ensure that physical security complements cyber defenses."
What measures can prevent man-in-the-middle attacks in ICS networks?,"Use encrypted communications, implement mutual authentication, and regularly monitor for signs of communication interception.","Implement strong encryption, use VPNs, enforce strict certificate validation, and apply network segmentation to limit attack vectors.","Use strong encryption for data in transit, employ certificate pinning where possible, and monitor for unexpected certificate changes."
How can the integrity of firmware updates be ensured in ICS?,"Use cryptographic verification of firmware, enforce a secure firmware update process, and maintain a record of firmware versions and checksums.","Use digitally signed firmware, verify updates with cryptographic checksums, restrict update access to authorized personnel, and conduct post-update testing.","Use secure, authenticated update mechanisms, verify source and integrity of updates with signatures, and test updates in isolated environments first."
What logging practices can improve visibility and detection in ICS networks?,"Implement comprehensive logging for all critical systems, regularly review logs for anomalies, and use centralized log management for correlation.","Implement centralized logging, ensure logs are time-synchronized, monitor logs for anomalies, retain logs for sufficient periods, and regularly review log data.","Implement comprehensive logging of all critical activities, use centralized log management, and analyze logs with advanced tools."
What best practices should be followed to secure firewalls in ICS environments?,"Regularly audit firewall configurations, apply the principle of least privilege, and ensure firewalls are correctly segmented and updated.","Regularly update firewall rules, implement least privilege access, conduct regular firewall audits, and monitor firewall activity for unauthorized changes.","Regularly update firewall rules, restrict all unnecessary external access, and use stateful inspection and deep packet inspection."
What steps should be taken to secure communications in ICS environments?,"Implement end-to-end encryption for all ICS communications, use secure protocols, and enforce strict key management practices.","Use strong encryption protocols, implement VPNs for remote access, apply network segmentation, and enforce strict authentication for communication channels.","Employ encryption protocols, secure all wireless access points, and ensure that all communication endpoints are authenticated."
How can incident response be improved in ICS environments?,"Develop and regularly update an incident response plan, conduct tabletop exercises, and ensure clear communication channels during incidents.","Develop a comprehensive incident response plan, conduct regular drills, ensure clear communication channels, establish roles and responsibilities, and integrate with overall cybersecurity strategies.","Develop a tailored incident response plan, conduct regular drills, and maintain an updated contact list for all response teams."
What measures can prevent SQL injection attacks in ICS environments?,"Use parameterized queries, sanitize inputs, and implement web application firewalls to protect against SQL injection.","Use parameterized queries, validate and sanitize input data, implement web application firewalls, and regularly update database management systems.","Use prepared statements and parameterized queries, regularly update and patch database systems, and validate all user inputs."
How can the risks associated with removable media in ICS environments be mitigated?,"Disable USB ports where unnecessary, use whitelisting for approved devices, and scan all removable media before use.","Disable USB ports where possible, use endpoint protection, enforce strict usage policies, scan all removable media before use, and log all media access events.","Restrict the use of removable media, scan all media for malware before use, and monitor all access to removable drives."
How can the risk of third-party software vulnerabilities be mitigated in ICS?,"Implement regular software updates, conduct third-party risk assessments, and isolate third-party software from critical systems.","Vet third-party software vendors, apply security patches promptly, use application whitelisting, and regularly assess third-party software for vulnerabilities.","Conduct thorough security assessments of third-party vendors, use application allowlisting, and maintain isolated testing environments."
What protections can be implemented against brute force attacks in ICS environments?,"Enforce account lockout policies, use multi-factor authentication, and monitor for repeated login attempts.","Implement account lockout policies, use multi-factor authentication, enforce strong password policies, and monitor login attempts for unusual activity.","Implement account lockout policies, use CAPTCHAs where feasible, and employ rate limiting to slow down attackers."
What strategies can ensure resilience against power outages in ICS environments?,"Implement backup power systems, use uninterruptible power supplies, and ensure proper physical security for power infrastructure.","Implement uninterruptible power supplies (UPS), redundant power systems, backup generators, and automated failover procedures to ensure continuous operation during power outages. Regularly test and maintain these systems.","Implement uninterruptible power supplies (UPS), deploy backup generators, and conduct regular power failure simulations."
How can backdoors be detected and removed in ICS environments?,"Conduct regular security audits, use advanced threat detection tools, and implement network segmentation to limit backdoor access.","Use network monitoring tools, conduct regular audits, implement endpoint detection and response (EDR), analyze logs for anomalies, and employ threat-hunting techniques to detect and remove backdoors. Regularly update systems to close vulnerabilities.","Use network analysis tools to monitor for unusual activity, employ antivirus and anti-malware solutions, and regularly update and patch systems."
What security measures can protect HMIs in ICS environments?,"Use strong authentication, limit HMI access to authorized personnel, and regularly update HMI software to patch vulnerabilities.","Implement access controls, use encrypted communication, regularly update HMI software, restrict physical access, and monitor HMI activity for unusual behavior. Consider network segmentation to limit HMI exposure.","Apply role-based access controls, use application whitelisting, and secure physical access to HMI devices."
How can XSS attacks be mitigated in ICS web interfaces?,"Sanitize all user inputs, implement content security policies, and regularly test web applications for XSS vulnerabilities.","Implement input validation, use secure coding practices, apply content security policies (CSP), sanitize user inputs, and regularly update web interfaces to protect against cross-site scripting (XSS) attacks.","Implement content security policies, sanitize input fields, and regularly update web application frameworks."
What steps should be taken to secure network protocols in ICS environments?,"Use secure protocols, disable legacy and unused protocols, and regularly audit protocol configurations.","Use secure versions of protocols (e.g., SSH instead of Telnet), apply encryption, implement strong authentication, regularly audit protocol configurations, and disable unnecessary services to secure network protocols.","Encrypt data transmissions, use secure protocols like HTTPS and SSH, and regularly update protocol configurations."
How can patch management be improved in ICS environments?,"Implement a robust patch management process, schedule regular updates, and test patches in a sandbox environment before deployment.","Establish a formal patch management process, prioritize patches based on risk, test patches in a controlled environment, schedule regular updates, and ensure patches are applied during maintenance windows to minimize disruptions.","Automate patch deployment, prioritize critical patches, and regularly review patch management policies."
How can the effectiveness of phishing campaigns be minimized in ICS?,"Employ email filtering, conduct regular phishing simulations, and train staff to recognize phishing attempts.","Provide regular phishing awareness training, use email filtering, implement multi-factor authentication, conduct phishing simulations, and establish clear reporting procedures for suspected phishing emails.","Conduct regular security training, implement email filtering technologies, and simulate phishing attacks to raise awareness."
What measures can prevent unauthorized changes to time settings in ICS devices?,"Implement time synchronization protocols with authentication, monitor for time-setting changes, and restrict access to time-sensitive configurations.","Implement strict access controls, use multi-factor authentication, regularly audit time settings, monitor for unauthorized changes, and employ network time protocol (NTP) servers with secure authentication.","Restrict access to time settings, use network time protocol security, and monitor logs for unauthorized changes."
How can spear-phishing attacks be mitigated in ICS environments?,"Implement advanced email filtering, use multi-factor authentication, and conduct targeted training for ICS operators.","Implement advanced email filtering, provide targeted security awareness training, enforce multi-factor authentication, monitor for suspicious activity, and use threat intelligence to identify and block spear-phishing attempts.","Provide targeted security awareness training, use advanced email security solutions, and regularly update incident response protocols."
What practices should be implemented to address the use of default passwords in ICS?,"Enforce the immediate change of default passwords, implement strong password policies, and conduct regular audits to detect default credentials.","Enforce the immediate change of default passwords during device setup, implement strong password policies, regularly audit passwords, and use password management tools to secure credentials.","Enforce password changes upon first use, establish strong password policies, and monitor for compliance."
How can authentication mechanisms be strengthened in ICS environments?,"Use multi-factor authentication, enforce complex password requirements, and implement biometric authentication where possible.","Implement multi-factor authentication, use strong and unique passwords, employ role-based access controls, regularly audit access privileges, and ensure secure management of authentication credentials.","Implement multi-factor authentication, use biometric verification, and regularly audit authentication logs."
How can network segmentation be effectively implemented in ICS environments?,"Create separate network zones for critical systems, use firewalls between segments, and implement access controls based on roles.","Use firewalls and VLANs to segment networks, enforce strict access controls between segments, monitor traffic between segments, and regularly review and update segmentation policies to limit lateral movement.","Define critical zones, use firewalls and VLANs to enforce segment boundaries, and monitor inter-segment traffic."
How can backup procedures be improved in ICS environments?,"Implement regular automated backups, store backups offsite or in isolated networks, and regularly test backup restoration processes.","Automate regular backups, store backups off-site or in secure, isolated environments, test backup restoration regularly, ensure backups are encrypted, and maintain an up-to-date inventory of all backup systems.","Automate backup processes, regularly test backup integrity, and store backups in secure and geographically diverse locations."
What strategies can mitigate the risks posed by insider threats in ICS environments?,"Implement least privilege access, monitor privileged accounts for unusual activity, and conduct regular audits of access controls.","Implement least privilege access, conduct regular employee background checks, monitor user activity, establish clear policies and procedures, and encourage reporting of suspicious behavior to mitigate insider threats.","Implement strict access controls, monitor user activities, and establish a comprehensive insider threat program."
How can rogue wireless access points be detected and mitigated in ICS?,"Implement wireless intrusion detection systems, regularly scan for unauthorized devices, and disable unused wireless features in ICS.","Use wireless intrusion detection systems (WIDS), conduct regular site surveys, monitor network traffic for unauthorized devices, enforce strict wireless access controls, and physically secure the network infrastructure.","Use wireless intrusion detection systems, conduct regular wireless audits, and enforce strict wireless security policies."
How can environmental controls be protected in ICS environments?,"Implement tamper-evident seals, monitor environmental settings in real-time, and restrict access to critical environmental controls.","Implement access controls for HVAC and other environmental systems, regularly monitor and audit environmental control settings, integrate physical and cybersecurity measures, and ensure backup systems are in place.","Monitor environmental conditions, implement redundant control systems, and ensure physical security measures are in place."
How can user access controls be strengthened in ICS environments?,"Implement role-based access controls, enforce principle of least privilege, and conduct regular access reviews.","Implement role-based access control (RBAC), use multi-factor authentication, enforce least privilege principles, regularly review and update access permissions, and monitor access logs for unusual activities.","Regularly review access rights, implement least privilege principles, and use centralized access management systems."
How can device identity spoofing be prevented in ICS environments?,"Use device authentication mechanisms, implement cryptographic verification, and monitor for inconsistencies in device communication.","Use strong authentication methods, employ device certificates, implement network access control (NAC), monitor for unusual network activity, and regularly update firmware to prevent device identity spoofing.","Use network access controls, implement device authentication, and regularly update device firmware and software."
How can the risk of unpatched custom software vulnerabilities be minimized in ICS?,"Conduct regular vulnerability assessments on custom software, prioritize patches, and develop a process for rapid patch deployment.","Conduct regular vulnerability assessments, implement virtual patching, restrict network access to vulnerable systems, monitor for signs of exploitation, and establish a process for custom software updates.","Establish a routine for regular software reviews, prioritize security testing for custom applications, and develop a patching schedule."
What best practices should be followed to secure VPN connections in ICS?,"Use multi-factor authentication, implement strict access controls, and regularly update and monitor VPN software for vulnerabilities.","Use strong encryption, enforce multi-factor authentication, regularly update VPN software, monitor VPN connections for unusual activity, and limit VPN access to only necessary users and systems.","Use strong encryption, enable multi-factor authentication, and regularly audit and update VPN configurations."
How can internal controls be strengthened to prevent lateral movement in ICS networks?,"Implement micro-segmentation, enforce strict access controls, and deploy network-based anomaly detection tools.","Implement network segmentation, use intrusion detection systems, enforce least privilege access, regularly audit internal access permissions, and monitor for unusual internal traffic patterns.","Implement application whitelisting, segment networks, and use host-based firewalls to control traffic between devices."
How can third-party risks be mitigated in ICS environments?,"Conduct thorough risk assessments of vendors, implement strict access controls for third-party systems, and monitor third-party connections in real-time.","Vet third-party vendors thoroughly, enforce strict access controls, regularly audit third-party activities, use contracts that include security requirements, and monitor third-party access in real-time.","Conduct thorough security assessments of third-party vendors, establish strict access controls, and continuously monitor third-party activities."
What strategies can protect against watering hole attacks in ICS environments?,"Use web filtering, restrict access to non-essential websites, and monitor for unusual web traffic patterns.","Use web filtering, implement secure browsing practices, conduct regular security awareness training, monitor network traffic for unusual activity, and apply patches to prevent exploitation of known vulnerabilities.","Regularly update software, monitor web traffic for anomalies, and educate users about the risks of visiting untrusted websites."
What measures can be taken to prevent data corruption in ICS environments?,"Implement regular data integrity checks, use redundant data storage, and maintain offline backups of critical data.","Implement data integrity checks, use redundant systems, regularly back up data, employ access controls to limit modification, and monitor data access and changes to prevent unauthorized alterations.","Implement checksums and data integrity checks, use fault-tolerant hardware, and maintain robust error-handling procedures."
How can detection capabilities be improved in ICS environments?,"Deploy advanced intrusion detection systems, use behavioral analytics, and integrate threat intelligence for real-time monitoring.","Deploy advanced threat detection tools, implement continuous monitoring, use centralized logging, apply machine learning for anomaly detection, and regularly update threat intelligence feeds.","Deploy advanced intrusion detection systems, integrate threat intelligence, and continuously update detection signatures and algorithms."
What steps can be taken to protect critical ICS settings from unauthorized changes?,"Implement multi-factor authentication for sensitive actions, use role-based access controls, and monitor for changes to critical settings.","Use configuration management tools, enforce access controls, regularly audit settings, implement multi-factor authentication, and monitor for unauthorized changes in real-time.","Use change management tools, log all changes, and implement alert systems for unauthorized modifications."
How can the response capabilities of ICS operators be improved during cyberattacks?,"Conduct regular training and simulations, implement automated response mechanisms, and ensure clear communication protocols during incidents.","Provide regular incident response training, conduct tabletop exercises, establish clear communication protocols, ensure access to up-to-date incident response plans, and integrate response tools for rapid action.","Conduct regular training exercises, establish clear communication protocols, and ensure redundancy in critical systems."
How can the spread of malware be contained in ICS environments?,"Segment the network, use endpoint detection and response tools, and deploy application whitelisting to prevent unauthorized software execution.","Implement network segmentation, use endpoint protection, deploy intrusion detection systems, regularly update software, and establish strict access controls to limit malware propagation.","Isolate infected systems, use network segmentation, and deploy endpoint detection and response solutions."
How can continuous monitoring be effectively implemented in ICS environments?,"Deploy centralized monitoring tools, integrate OT and IT security monitoring, and establish a security operations center dedicated to ICS.","Deploy centralized monitoring tools, integrate with SIEM systems, use automated alerting for anomalies, conduct regular audits, and ensure 24/7 monitoring by skilled personnel.","Deploy real-time monitoring tools, integrate security information and event management systems, and establish 24/7 security operations centers."
What measures can be taken to secure service accounts in ICS environments?,"Enforce strict access controls, regularly rotate service account credentials, and monitor service accounts for unusual activity.","Use strong, unique passwords, enforce multi-factor authentication, restrict service account privileges, regularly audit service account activities, and disable unused accounts.","Enforce strong password policies, restrict service account privileges, and monitor service account activities."
